id,name,abbrev,division,color,logo_url,w,l,t,sponsor
hitmen,Hitmen,Hitmen,Men's Division I,#124734,/helena/teams/hitmen.png,4,5,0,Sleeping Giant Lanes
pappasmn,Pappas Insulation,PappasMn,Men's Division I,#b4622d,/helena/teams/pappasmn.png,4,5,0,
smokbnt,Smoking Bunts,SmokBnt,Men's Division I,#1d3f6e,/helena/teams/smokbnt.png,6,3,0,MT Kush
topgun,Top Gun Auto,TopGun,Men's Division I,#7a2233,/helena/teams/topgun.png,4,5,0,Buffalo WW
abbooks,Aunt Bonnie's Books,ABBooks,Men's Division E,#124734,/helena/teams/abbooks.png,3,6,0,Quenzer Construction
bashbros,Bash Bros,BashBros,Men's Division E,#b4622d,/helena/teams/bashbros.png,7,6,0,Buffalo WW
clbrew,Coors Light,CLBrew,Men's Division E,#1d3f6e,/helena/teams/clbrew.png,7,5,0,City Brew
cloud9,Apogee Gardens,Cloud9,Men's Division E,#7a2233,/helena/teams/cloud9.png,6,5,0,
kaos,Blastpros Mobile Sadbusting,KAOS,Men's Division E,#4a5d23,/helena/teams/kaos.png,9,1,0,
regulatr,Regulators,Regulatr,Men's Division E,#6b3fa0,/helena/teams/regulatr.png,6,6,0,Chris Halverson
uppies,Big Belt Automotive,Uppies,Men's Division E,#8a6d1f,/helena/teams/uppies.png,5,8,0,
yankdeez,Yankdeez,Yankdeez,Men's Division E,#155e63,/helena/teams/yankdeez.png,3,9,0,
brdgbomb,Bridge Bombers,BrdgBomb,Men's Recreational,#124734,/helena/teams/brdgbomb.png,2,10,0,Exit Realty Helena
buntforce,Bunt Force Trauma,BuntForce,Men's Recreational,#b4622d,/helena/teams/buntforce.png,10,2,0,Rocky Mountain Refrigeration / Gaining Ground
coke,Lehrkinds Coca-Cola,Coke,Men's Recreational,#1d3f6e,/helena/teams/coke.png,7,5,0,Coors
echochm,Echo Church,EchoChM,Men's Recreational,#7a2233,/helena/teams/echochm.png,9,3,0,
hlclub,Helena Lions Club,HLClub,Men's Recreational,#4a5d23,/helena/teams/hlclub.png,1,11,0,
trolls,Trolls,Trolls,Men's Recreational,#6b3fa0,/helena/teams/trolls.png,7,5,0,
1hitw,One-Hit Wonders,1HitW,Women's Division,#124734,/helena/teams/1hitw.png,6,4,0,Andrea Lay's Cleaning Service
batinten,Bat Intentions,BatInten,Women's Division,#b4622d,/helena/teams/batinten.png,4,6,0,LeeAnn Hurt
dwballs,Dolls w/ Balls,DWBalls,Women's Division,#1d3f6e,/helena/teams/dwballs.png,0,10,0,Buffalo WW
mamamos,Mamma Mo's,MamaMos,Women's Division,#7a2233,/helena/teams/mamamos.png,10,0,0,Silos Junction / VFW / MT Propane
jackwag,Jack Wagons,JackWag,Coed Red,#124734,/helena/teams/jackwag.png,7,4,0,Andrea Lay's Cleaning Service
mimpact,Major Impact,MImpact,Coed Red,#b4622d,/helena/teams/mimpact.png,9,3,0,Monteriors / Flying Giant Adventure / Sleeping Giant Lanes
thedroll,The Diamond Rollers,TheDRoll,Coed Red,#1d3f6e,/helena/teams/thedroll.png,3,7,0,Inclyne LCC
1889amer,1889 Coffeehouse,1889Amer,Coed White,#124734,/helena/teams/1889amer.png,6,5,0,
alcoball,Alcoballics,Alcoball,Coed White,#b4622d,/helena/teams/alcoball.png,7,3,0,Helena Hydroseed & Landscaping
baseinvd,Base Invaders,BaseInvd,Coed White,#1d3f6e,/helena/teams/baseinvd.png,2,7,1,Balanced Chiropractic & Rehab
cepscor,Cephalo Scorins,CepScor,Coed White,#7a2233,/helena/teams/cepscor.png,3,7,0,Global Net
echochrch,Echo Church,EchoChrch,Coed White,#4a5d23,/helena/teams/echochrch.png,7,5,0,
elite,Elite Overhead Door,Elite,Coed White,#6b3fa0,/helena/teams/elite.png,6,4,0,
gotwings,Got Wings,GotWings,Coed White,#8a6d1f,/helena/teams/gotwings.png,3,9,0,Buffalo WW
hbbm,H.B.B.M.,HBBM,Coed White,#155e63,/helena/teams/hbbm.png,5,6,0,
hccgt,Helena Cycle Center,HCCGT,Coed White,#93331f,/helena/teams/hccgt.png,8,3,0,Greasy Triples
hitbrains,Hit for Brains,HitBrains,Coed White,#2f5d3a,/helena/teams/hitbrains.png,1,9,0,
lordofding,Lord of the Dings,LordofDing,Coed White,#334155,/helena/teams/lordofding.png,4,7,0,
mmaierle,Morrison-Maierle,MMaierle,Coed White,#9a3412,/helena/teams/mmaierle.png,6,5,0,
mothlod,Motherlode,MothLod,Coed White,#1e5f8c,/helena/teams/mothlod.png,9,1,1,Crosscut Building
pappasins,Pappas Insulation Co.,PappasIns,Coed White,#5b2d5b,/helena/teams/pappasins.png,5,3,0,
scaredhit,Scared Hitless - DCI,ScaredHit,Coed White,#3f6212,/helena/teams/scaredhit.png,2,9,0,
sgl-asw,SG Lanes,SGL/ASW,Coed White,#7c2d12,/helena/teams/sgl-asw.png,8,2,0,Anderson Stevenson Wilke Funeral Home
tingtings,Tings Tavern,TingTings,Coed White,#0f766e,/helena/teams/tingtings.png,3,7,0,1st Interstate Bank
windb,Windsor Bar,WindB,Coed White,#713f12,/helena/teams/windb.png,6,4,0,
bipbears,Bi Polar Bears,BiPBears,Coed Blue,#124734,/helena/teams/bipbears.png,0,11,0,
bohelena,Batts Outta Helena,BOHelena,Coed Blue,#b4622d,/helena/teams/bohelena.png,7,3,0,
brewjays,Brew Jays,Brewjays,Coed Blue,#1d3f6e,/helena/teams/brewjays.png,5,6,0,
freefight,Freedom Fighters,FreeFight,Coed Blue,#7a2233,/helena/teams/freefight.png,3,9,0,
hapss-c,Haps Bar Sluggers & Chuggers,HapsS&C,Coed Blue,#4a5d23,/helena/teams/hapss-c.png,4,6,0,
hitsgiggle,Hitts & Giggles,HitsGiggle,Coed Blue,#6b3fa0,/helena/teams/hitsgiggle.png,10,1,0,BWW / Sam Allen
hopperjk,Hopper Jackalopes,HopperJk,Coed Blue,#8a6d1f,/helena/teams/hopperjk.png,6,6,0,The Hopper
hotshots,Pureview Health,HotShots,Coed Blue,#155e63,/helena/teams/hotshots.png,1,9,0,
hyp,Helena Young Professionals,HYP,Coed Blue,#93331f,/helena/teams/hyp.png,7,5,0,Western Bar
jesters,Jesters Bar,Jesters,Coed Blue,#2f5d3a,/helena/teams/jesters.png,5,5,0,
jlrestate,Jeannie Lake Real Estate,JLRestate,Coed Blue,#334155,/helena/teams/jlrestate.png,10,2,0,
mhcc-1,MHCC,MHCC#1,Coed Blue,#9a3412,/helena/teams/mhcc-1.png,10,2,0,
misfits,Missfits,Misfits,Coed Blue,#1e5f8c,/helena/teams/misfits.png,9,2,0,Jackson Murdo & Grant P.C. / Valley Bank
onehitw,One Hit Wonders,OneHitW,Coed Blue,#5b2d5b,/helena/teams/onehitw.png,6,5,0,
pitslap,Pitch Slapped,PitSlap,Coed Blue,#3f6212,/helena/teams/pitslap.png,5,6,1,Edge M&D / Always on I.T. / Rocky Mtn Liquor / Behind The Scenes
skoden,Helena Indian Alliance,Skoden,Coed Blue,#7c2d12,/helena/teams/skoden.png,7,5,0,
sparkys,Nickels,Sparkys,Coed Blue,#0f766e,/helena/teams/sparkys.png,5,5,0,Mnt Electric / VFW
tballers,T-Ballers,TBallers,Coed Blue,#713f12,/helena/teams/tballers.png,3,7,1,BWW
teamapc,Team Adaptive Performance Center,TeamAPC,Coed Blue,#5c4033,/helena/teams/teamapc.png,5,5,0,
unstpball,Unstoppa-balls,UnstpBall,Coed Blue,#374151,/helena/teams/unstpball.png,2,10,0,BC Concrete Const. / MT Services / TJ Const. / Werner Plumbing & Heating
