id,name,abbrev,division,age_group,color,logo_url,w,l,t
10u-section-1-warwick-cardinals,Warwick Cardinals,,10u Section 1,10U,,/lcybl/teams/10u-section-1-warwick-cardinals.png,14,2,0
10u-section-1-manheim,Manheim,,10u Section 1,10U,,/lcybl/teams/10u-section-1-manheim.png,14,2,0
10u-section-1-ls-slingers,LS Slingers,,10u Section 1,10U,,/lcybl/teams/10u-section-1-ls-slingers.png,13,3,0
10u-section-1-hempfield-black,Hempfield Black,,10u Section 1,10U,,/lcybl/teams/10u-section-1-hempfield-black.png,12,4,0
10u-section-1-pm-comets,PM Comets,,10u Section 1,10U,,/lcybl/teams/10u-section-1-pm-comets.png,11,5,0
10u-section-1-ephrata-drillerz,Ephrata Drillerz,,10u Section 1,10U,,/lcybl/teams/10u-section-1-ephrata-drillerz.png,10,6,0
10u-section-1-e-town-bruins,E-Town Bruins,,10u Section 1,10U,,/lcybl/teams/10u-section-1-e-town-bruins.png,9,7,0
10u-section-1-mt-streaks,MT Streaks,,10u Section 1,10U,,/lcybl/teams/10u-section-1-mt-streaks.png,9,7,0
10u-section-1-donegal-indians,Donegal Indians,,10u Section 1,10U,,/lcybl/teams/10u-section-1-donegal-indians.png,9,7,0
10u-section-1-hempfield-red,Hempfield Red,,10u Section 1,10U,,/lcybl/teams/10u-section-1-hempfield-red.png,6,10,0
10u-section-1-solanco-black,SOLANCO Black,,10u Section 1,10U,,/lcybl/teams/10u-section-1-solanco-black.png,4,12,0
10u-section-1-cedar-crest,Cedar Crest,,10u Section 1,10U,,/lcybl/teams/10u-section-1-cedar-crest.png,3,13,0
10u-section-1-cocalico-eagles,Cocalico Eagles,,10u Section 1,10U,,/lcybl/teams/10u-section-1-cocalico-eagles.png,3,13,0
10u-section-1-cv-bucks,CV Bucks,,10u Section 1,10U,,/lcybl/teams/10u-section-1-cv-bucks.png,2,14,0
10u-section-1-garden-spot,Garden Spot,,10u Section 1,10U,,/lcybl/teams/10u-section-1-garden-spot.png,1,15,0
10u-section-2-ls-regulators,LS Regulators,,10u Section 2 Orange,10U,,/lcybl/teams/10u-section-2-ls-regulators.png,14,0,0
10u-section-2-ephrata-athletics,Ephrata Athletics,,10u Section 2 Orange,10U,,/lcybl/teams/10u-section-2-ephrata-athletics.png,12,2,0
10u-section-2-pm-blue,PM Blue,,10u Section 2 Orange,10U,,/lcybl/teams/10u-section-2-pm-blue.png,12,2,0
10u-section-2-hempfield-black,Hempfield Black,,10u Section 2 Orange,10U,,/lcybl/teams/10u-section-2-hempfield-black.png,10,4,0
10u-section-2-pm-white,PM White,,10u Section 2 Orange,10U,,/lcybl/teams/10u-section-2-pm-white.png,9,4,1
10u-section-2-manheim-maroon,Manheim Maroon,,10u Section 2 Orange,10U,,/lcybl/teams/10u-section-2-manheim-maroon.png,9,5,0
10u-section-2-mt-lightning,MT Lightning,,10u Section 2 Orange,10U,,/lcybl/teams/10u-section-2-mt-lightning.png,9,5,0
10u-section-2-donegal-green,Donegal Green,,10u Section 2 Orange,10U,,/lcybl/teams/10u-section-2-donegal-green.png,6,8,0
10u-section-2-cocalico-eagles,Cocalico Eagles,,10u Section 2 Orange,10U,,/lcybl/teams/10u-section-2-cocalico-eagles.png,4,9,1
10u-section-2-warwick-rangers,Warwick Rangers,,10u Section 2 Orange,10U,,/lcybl/teams/10u-section-2-warwick-rangers.png,4,10,0
10u-section-2-hempfield-white,Hempfield White,,10u Section 2 Orange,10U,,/lcybl/teams/10u-section-2-hempfield-white.png,4,10,0
10u-section-2-cedar-crest,Cedar Crest,,10u Section 2 Orange,10U,,/lcybl/teams/10u-section-2-cedar-crest.png,2,11,0
10u-section-2-columbia-red,Columbia Red,,10u Section 2 Orange,10U,,/lcybl/teams/10u-section-2-columbia-red.png,2,12,0
10u-section-2-garden-spot-blue,Garden Spot Blue,,10u Section 2 Orange,10U,,/lcybl/teams/10u-section-2-garden-spot-blue.png,0,13,0
10u-section-2-pv-braves,PV Braves,,10u Section 2 Blue,10U,,/lcybl/teams/10u-section-2-pv-braves.png,13,1,0
10u-section-2-mt-thunder,Mt Thunder,,10u Section 2 Blue,10U,,/lcybl/teams/10u-section-2-mt-thunder.png,13,1,0
10u-section-2-ls-blue-crew,LS Blue Crew,,10u Section 2 Blue,10U,,/lcybl/teams/10u-section-2-ls-blue-crew.png,12,2,0
10u-section-2-mountville-pirates,Mountville Pirates,,10u Section 2 Blue,10U,,/lcybl/teams/10u-section-2-mountville-pirates.png,10,4,0
10u-section-2-lanc-jr-tornados,Lanc Jr Tornados,,10u Section 2 Blue,10U,,/lcybl/teams/10u-section-2-lanc-jr-tornados.png,9,5,0
10u-section-2-warwick-diamondbacks,Warwick Diamondbacks,,10u Section 2 Blue,10U,,/lcybl/teams/10u-section-2-warwick-diamondbacks.png,8,5,1
10u-section-2-manheim-gray,Manheim Gray,,10u Section 2 Blue,10U,,/lcybl/teams/10u-section-2-manheim-gray.png,8,6,0
10u-section-2-st-leo-crusaders,St. Leo Crusaders,,10u Section 2 Blue,10U,,/lcybl/teams/10u-section-2-st-leo-crusaders.png,7,7,0
10u-section-2-pm-gold,PM Gold,,10u Section 2 Blue,10U,,/lcybl/teams/10u-section-2-pm-gold.png,5,7,1
10u-section-2-cv-bucks,CV Bucks,,10u Section 2 Blue,10U,,/lcybl/teams/10u-section-2-cv-bucks.png,4,10,0
10u-section-2-hempfield-gray,Hempfield Gray,,10u Section 2 Blue,10U,,/lcybl/teams/10u-section-2-hempfield-gray.png,2,11,0
10u-section-2-solanco-black,SOLANCO Black,,10u Section 2 Blue,10U,,/lcybl/teams/10u-section-2-solanco-black.png,2,11,0
10u-section-2-hempfield-red,Hempfield Red,,10u Section 2 Blue,10U,,/lcybl/teams/10u-section-2-hempfield-red.png,1,12,0
10u-section-2-garden-spot-white,Garden Spot White,,10u Section 2 Blue,10U,,/lcybl/teams/10u-section-2-garden-spot-white.png,0,14,0
10u-section-3-pv-braves,PV Braves,,10u Section 3,10U,,/lcybl/teams/10u-section-3-pv-braves.png,9,2,1
10u-section-3-donegal-white,Donegal White,,10u Section 3,10U,,/lcybl/teams/10u-section-3-donegal-white.png,9,2,0
10u-section-3-mountville-giants,Mountville Giants,,10u Section 3,10U,,/lcybl/teams/10u-section-3-mountville-giants.png,8,2,1
10u-section-3-donegal-black,Donegal Black,,10u Section 3,10U,,/lcybl/teams/10u-section-3-donegal-black.png,7,3,2
10u-section-3-solanco-black,SOLANCO Black,,10u Section 3,10U,,/lcybl/teams/10u-section-3-solanco-black.png,7,4,1
10u-section-3-solanco-gold,SOLANCO Gold,,10u Section 3,10U,,/lcybl/teams/10u-section-3-solanco-gold.png,6,5,1
10u-section-3-ls-blazers,LS Blazers,,10u Section 3,10U,,/lcybl/teams/10u-section-3-ls-blazers.png,6,6,0
10u-section-3-pm-white,PM White,,10u Section 3,10U,,/lcybl/teams/10u-section-3-pm-white.png,5,5,1
10u-section-3-st-leo-crusaders,St. Leo Crusaders,,10u Section 3,10U,,/lcybl/teams/10u-section-3-st-leo-crusaders.png,5,6,1
10u-section-3-ls-hit-squad,LS Hit Squad,,10u Section 3,10U,,/lcybl/teams/10u-section-3-ls-hit-squad.png,4,7,1
10u-section-3-ls-hammers,LS Hammers,,10u Section 3,10U,,/lcybl/teams/10u-section-3-ls-hammers.png,3,6,3
10u-section-3-pm-blue,PM Blue,,10u Section 3,10U,,/lcybl/teams/10u-section-3-pm-blue.png,0,9,1
10u-section-3-manheim,Manheim,,10u Section 3,10U,,/lcybl/teams/10u-section-3-manheim.png,0,10,1
10u-section-3-lanc-rec-tornadoes,Lanc Rec Tornadoes,,10u Section 3,10U,,/lcybl/teams/10u-section-3-lanc-rec-tornadoes.png,0,12,0
10u-section-3-solanco-white,SOLANCO White,,10u Section 3,10U,,/lcybl/teams/10u-section-3-solanco-white.png,0,12,0
10u-section-3-ceder-crest,Ceder Crest,,10u Section 3,10U,,/lcybl/teams/10u-section-3-ceder-crest.png,0,12,0
12u-section-1-hempfield-black,Hempfield Black,,12u Section 1 American,12U,,/lcybl/teams/12u-section-1-hempfield-black.png,15,2,1
12u-section-1-manheim,Manheim,,12u Section 1 American,12U,,/lcybl/teams/12u-section-1-manheim.png,13,5,0
12u-section-1-ephrata-drillerz,Ephrata Drillerz,,12u Section 1 American,12U,,/lcybl/teams/12u-section-1-ephrata-drillerz.png,11,6,1
12u-section-1-cocalico-eagles,Cocalico Eagles,,12u Section 1 American,12U,,/lcybl/teams/12u-section-1-cocalico-eagles.png,9,9,0
12u-section-1-cedar-crest,Cedar Crest,,12u Section 1 American,12U,,/lcybl/teams/12u-section-1-cedar-crest.png,9,9,0
12u-section-1-e-town-blue,E-Town Blue,,12u Section 1 American,12U,,/lcybl/teams/12u-section-1-e-town-blue.png,8,10,0
12u-section-1-donegal-indians,Donegal Indians,,12u Section 1 American,12U,,/lcybl/teams/12u-section-1-donegal-indians.png,5,13,0
12u-section-1-warwick-phillies,Warwick Phillies,,12u Section 1 American,12U,,/lcybl/teams/12u-section-1-warwick-phillies.png,3,15,0
12u-section-1-ls-atta-boys,LS Atta Boys,,12u Section 1 National,12U,,/lcybl/teams/12u-section-1-ls-atta-boys.png,16,2,0
12u-section-1-mt-streaks,MT Streaks,,12u Section 1 National,12U,,/lcybl/teams/12u-section-1-mt-streaks.png,13,5,0
12u-section-1-octorara-braves,Octorara Braves,,12u Section 1 National,12U,,/lcybl/teams/12u-section-1-octorara-braves.png,10,7,1
12u-section-1-hempfield-red,Hempfield Red,,12u Section 1 National,12U,,/lcybl/teams/12u-section-1-hempfield-red.png,9,9,0
12u-section-1-cv-bucks,CV Bucks,,12u Section 1 National,12U,,/lcybl/teams/12u-section-1-cv-bucks.png,7,11,0
12u-section-1-pm-comets,PM Comets,,12u Section 1 National,12U,,/lcybl/teams/12u-section-1-pm-comets.png,6,11,1
12u-section-1-mountville-indians,Mountville Indians,,12u Section 1 National,12U,,/lcybl/teams/12u-section-1-mountville-indians.png,6,12,0
12u-section-1-solanco-black,SOLANCO Black,,12u Section 1 National,12U,,/lcybl/teams/12u-section-1-solanco-black.png,2,16,0
12u-section-2-hempfield-black,Hempfield Black,,12u Section 2 American,12U,,/lcybl/teams/12u-section-2-hempfield-black.png,15,1,0
12u-section-2-ls-blue,LS Blue,,12u Section 2 American,12U,,/lcybl/teams/12u-section-2-ls-blue.png,13,2,1
12u-section-2-pm-blue,PM Blue,,12u Section 2 American,12U,,/lcybl/teams/12u-section-2-pm-blue.png,12,4,0
12u-section-2-cedar-crest-blue,Cedar Crest Blue,,12u Section 2 American,12U,,/lcybl/teams/12u-section-2-cedar-crest-blue.png,11,4,1
12u-section-2-e-town-black,E-Town Black,,12u Section 2 American,12U,,/lcybl/teams/12u-section-2-e-town-black.png,11,5,0
12u-section-2-lanc-mennonite,Lanc Mennonite,,12u Section 2 American,12U,,/lcybl/teams/12u-section-2-lanc-mennonite.png,10,6,0
12u-section-2-st-leo-crusaders,ST. Leo Crusaders,,12u Section 2 American,12U,,/lcybl/teams/12u-section-2-st-leo-crusaders.png,10,6,0
12u-section-2-mt-lightning,MT Lightning,,12u Section 2 American,12U,,/lcybl/teams/12u-section-2-mt-lightning.png,9,6,1
12u-section-2-mt-storm,MT Storm,,12u Section 2 American,12U,,/lcybl/teams/12u-section-2-mt-storm.png,8,7,1
12u-section-2-manheim-maroon,Manheim Maroon,,12u Section 2 American,12U,,/lcybl/teams/12u-section-2-manheim-maroon.png,6,10,0
12u-section-2-cedar-crest-gray,Cedar Crest Gray,,12u Section 2 American,12U,,/lcybl/teams/12u-section-2-cedar-crest-gray.png,5,11,0
12u-section-2-octorara,Octorara,,12u Section 2 American,12U,,/lcybl/teams/12u-section-2-octorara.png,4,10,1
12u-section-2-solanco-gold,SOLANCO Gold,,12u Section 2 American,12U,,/lcybl/teams/12u-section-2-solanco-gold.png,4,11,0
12u-section-2-cocalico-eagles,Cocalico Eagles,,12u Section 2 American,12U,,/lcybl/teams/12u-section-2-cocalico-eagles.png,3,13,0
12u-section-2-hempfield-gray,Hempfield Gray,,12u Section 2 American,12U,,/lcybl/teams/12u-section-2-hempfield-gray.png,1,12,0
12u-section-2-conoy-moose,Conoy Moose,,12u Section 2 American,12U,,/lcybl/teams/12u-section-2-conoy-moose.png,0,15,0
12u-section-2-solanco-black,SOLANCO Black,,12u Section 2 National,12U,,/lcybl/teams/12u-section-2-solanco-black.png,14,2,0
12u-section-2-mt-thunder,MT Thunder,,12u Section 2 National,12U,,/lcybl/teams/12u-section-2-mt-thunder.png,13,2,1
12u-section-2-garden-spot,Garden Spot,,12u Section 2 National,12U,,/lcybl/teams/12u-section-2-garden-spot.png,12,4,0
12u-section-2-ephrata-rollers,Ephrata Rollers,,12u Section 2 National,12U,,/lcybl/teams/12u-section-2-ephrata-rollers.png,11,5,0
12u-section-2-ls-hitmen,LS Hitmen,,12u Section 2 National,12U,,/lcybl/teams/12u-section-2-ls-hitmen.png,11,5,0
12u-section-2-pm-white,PM White,,12u Section 2 National,12U,,/lcybl/teams/12u-section-2-pm-white.png,10,6,0
12u-section-2-hempfield-red,Hempfield Red,,12u Section 2 National,12U,,/lcybl/teams/12u-section-2-hempfield-red.png,9,7,0
12u-section-2-hempfield-white,Hempfield White,,12u Section 2 National,12U,,/lcybl/teams/12u-section-2-hempfield-white.png,8,7,1
12u-section-2-cv-bucks,CV Bucks,,12u Section 2 National,12U,,/lcybl/teams/12u-section-2-cv-bucks.png,8,8,0
12u-section-2-pv-braves,PV Braves,,12u Section 2 National,12U,,/lcybl/teams/12u-section-2-pv-braves.png,7,9,0
12u-section-2-warwick-braves,Warwick Braves,,12u Section 2 National,12U,,/lcybl/teams/12u-section-2-warwick-braves.png,6,9,1
12u-section-2-manheim-gray,Manheim Gray,,12u Section 2 National,12U,,/lcybl/teams/12u-section-2-manheim-gray.png,6,10,0
12u-section-2-donegal-green,Donegal Green,,12u Section 2 National,12U,,/lcybl/teams/12u-section-2-donegal-green.png,5,11,0
12u-section-2-lanc-jr-tornado,Lanc Jr Tornado,,12u Section 2 National,12U,,/lcybl/teams/12u-section-2-lanc-jr-tornado.png,4,12,0
12u-section-2-cedar-crest-white,Cedar Crest White,,12u Section 2 National,12U,,/lcybl/teams/12u-section-2-cedar-crest-white.png,2,14,0
12u-section-2-columbia-red,Columbia Red,,12u Section 2 National,12U,,/lcybl/teams/12u-section-2-columbia-red.png,1,15,0
12u-section-3-ephrata-power,Ephrata Power,,12u Section 3 East,12U,,/lcybl/teams/12u-section-3-ephrata-power.png,13,1,0
12u-section-3-e-town-gray,E-Town Gray,,12u Section 3 East,12U,,/lcybl/teams/12u-section-3-e-town-gray.png,12,1,0
12u-section-3-donegal-black,Donegal Black,,12u Section 3 East,12U,,/lcybl/teams/12u-section-3-donegal-black.png,12,2,0
12u-section-3-mountville-tigers,Mountville Tigers,,12u Section 3 East,12U,,/lcybl/teams/12u-section-3-mountville-tigers.png,11,3,0
12u-section-3-st-leo-gold,St. Leo Gold,,12u Section 3 East,12U,,/lcybl/teams/12u-section-3-st-leo-gold.png,9,5,0
12u-section-3-pm-gold,PM Gold,,12u Section 3 East,12U,,/lcybl/teams/12u-section-3-pm-gold.png,7,6,1
12u-section-3-cocalico-eagles,Cocalico Eagles,,12u Section 3 East,12U,,/lcybl/teams/12u-section-3-cocalico-eagles.png,6,7,1
12u-section-3-mt-chargers,MT Chargers,,12u Section 3 East,12U,,/lcybl/teams/12u-section-3-mt-chargers.png,6,8,0
12u-section-3-pm-white,PM White,,12u Section 3 East,12U,,/lcybl/teams/12u-section-3-pm-white.png,4,9,1
12u-section-3-lanc-mennonite,Lanc Mennonite,,12u Section 3 East,12U,,/lcybl/teams/12u-section-3-lanc-mennonite.png,4,10,0
12u-section-3-hempfield-black,Hempfield Black,,12u Section 3 East,12U,,/lcybl/teams/12u-section-3-hempfield-black.png,3,11,0
12u-section-3-solanco-gold,SOLANCO Gold,,12u Section 3 East,12U,,/lcybl/teams/12u-section-3-solanco-gold.png,0,11,1
12u-section-3-cv-bucks-red,CV Bucks Red,,12u Section 3 East,12U,,/lcybl/teams/12u-section-3-cv-bucks-red.png,0,12,0
12u-section-3-ephrata-tourists,Ephrata Tourists,,12u Section 3 West,12U,,/lcybl/teams/12u-section-3-ephrata-tourists.png,13,1,0
12u-section-3-cv-bucks-blue,CV Bucks Blue,,12u Section 3 West,12U,,/lcybl/teams/12u-section-3-cv-bucks-blue.png,13,1,0
12u-section-3-garden-spot,Garden Spot,,12u Section 3 West,12U,,/lcybl/teams/12u-section-3-garden-spot.png,12,2,0
12u-section-3-donegal-white,Donegal White,,12u Section 3 West,12U,,/lcybl/teams/12u-section-3-donegal-white.png,11,3,0
12u-section-3-e-town-navy,E-Town Navy,,12u Section 3 West,12U,,/lcybl/teams/12u-section-3-e-town-navy.png,10,4,0
12u-section-3-e-town-white,E-Town White,,12u Section 3 West,12U,,/lcybl/teams/12u-section-3-e-town-white.png,6,8,0
12u-section-3-solanco-black,SOLANCO Black,,12u Section 3 West,12U,,/lcybl/teams/12u-section-3-solanco-black.png,5,9,0
12u-section-3-ls-black,LS Black,,12u Section 3 West,12U,,/lcybl/teams/12u-section-3-ls-black.png,5,9,0
12u-section-3-ls-blue,LS Blue,,12u Section 3 West,12U,,/lcybl/teams/12u-section-3-ls-blue.png,4,9,0
12u-section-3-cedar-crest,Cedar Crest,,12u Section 3 West,12U,,/lcybl/teams/12u-section-3-cedar-crest.png,3,11,0
12u-section-3-mt-bolts,MT Bolts,,12u Section 3 West,12U,,/lcybl/teams/12u-section-3-mt-bolts.png,3,11,0
12u-section-3-hempfield-red,Hempfield Red,,12u Section 3 West,12U,,/lcybl/teams/12u-section-3-hempfield-red.png,3,11,0
12u-section-3-pm-blue,PM Blue,,12u Section 3 West,12U,,/lcybl/teams/12u-section-3-pm-blue.png,2,12,0
14u-section-1-manheim-lions,Manheim Lions,,14u Section 1,14U,,/lcybl/teams/14u-section-1-manheim-lions.png,19,1,0
14u-section-1-hempfield-black,Hempfield Black,,14u Section 1,14U,,/lcybl/teams/14u-section-1-hempfield-black.png,19,1,0
14u-section-1-pm-comets,PM Comets,,14u Section 1,14U,,/lcybl/teams/14u-section-1-pm-comets.png,16,4,0
14u-section-1-e-town-black,E-Town Black,,14u Section 1,14U,,/lcybl/teams/14u-section-1-e-town-black.png,11,9,0
14u-section-1-mt-streaks,MT Streaks,,14u Section 1,14U,,/lcybl/teams/14u-section-1-mt-streaks.png,9,10,1
14u-section-1-ls-blue,LS Blue,,14u Section 1,14U,,/lcybl/teams/14u-section-1-ls-blue.png,9,11,0
14u-section-1-solanco-black,SOLANCO Black,,14u Section 1,14U,,/lcybl/teams/14u-section-1-solanco-black.png,8,10,2
14u-section-1-cedar-crest,Cedar Crest,,14u Section 1,14U,,/lcybl/teams/14u-section-1-cedar-crest.png,8,11,1
14u-section-1-lititz-vfw,Lititz VFW,,14u Section 1,14U,,/lcybl/teams/14u-section-1-lititz-vfw.png,8,12,0
14u-section-1-lanc-rec-tornados,Lanc Rec Tornados,,14u Section 1,14U,,/lcybl/teams/14u-section-1-lanc-rec-tornados.png,8,12,0
14u-section-1-hempfield-red,Hempfield Red,,14u Section 1,14U,,/lcybl/teams/14u-section-1-hempfield-red.png,5,13,2
14u-section-1-ephrata-drillerz,Ephrata Drillerz,,14u Section 1,14U,,/lcybl/teams/14u-section-1-ephrata-drillerz.png,5,15,0
14u-section-1-mountville-angels,Mountville Angels,,14u Section 1,14U,,/lcybl/teams/14u-section-1-mountville-angels.png,2,18,0
14u-section-2-e-town-blue,E-Town Blue,,14u Section 2 American,14U,,/lcybl/teams/14u-section-2-e-town-blue.png,14,1,1
14u-section-2-cv-bucks,CV Bucks,,14u Section 2 American,14U,,/lcybl/teams/14u-section-2-cv-bucks.png,12,3,1
14u-section-2-cocalico-eagles,Cocalico Eagles,,14u Section 2 American,14U,,/lcybl/teams/14u-section-2-cocalico-eagles.png,12,4,0
14u-section-2-lanc-mennonite-blazers,Lanc Mennonite Blazers,,14u Section 2 American,14U,,/lcybl/teams/14u-section-2-lanc-mennonite-blazers.png,11,3,2
14u-section-2-garden-spot,Garden Spot,,14u Section 2 American,14U,,/lcybl/teams/14u-section-2-garden-spot.png,10,5,1
14u-section-2-columbia-red,Columbia Red,,14u Section 2 American,14U,,/lcybl/teams/14u-section-2-columbia-red.png,10,6,0
14u-section-2-donegal-green,Donegal Green,,14u Section 2 American,14U,,/lcybl/teams/14u-section-2-donegal-green.png,9,7,0
14u-section-2-hempfield-black,Hempfield Black,,14u Section 2 American,14U,,/lcybl/teams/14u-section-2-hempfield-black.png,8,8,0
14u-section-2-hempfield-red,Hempfield Red,,14u Section 2 American,14U,,/lcybl/teams/14u-section-2-hempfield-red.png,7,7,1
14u-section-2-ephrata-breakers,Ephrata Breakers,,14u Section 2 American,14U,,/lcybl/teams/14u-section-2-ephrata-breakers.png,4,11,1
14u-section-2-cedar-crest,Cedar Crest,,14u Section 2 American,14U,,/lcybl/teams/14u-section-2-cedar-crest.png,3,13,0
14u-section-2-ls-base-bandits,LS Base Bandits,,14u Section 2 American,14U,,/lcybl/teams/14u-section-2-ls-base-bandits.png,1,15,1
14u-section-2-warwick-white-sox,Warwick White Sox,,14u Section 2 National,14U,,/lcybl/teams/14u-section-2-warwick-white-sox.png,14,2,0
14u-section-2-st-leo-crusaders,St. Leo Crusaders,,14u Section 2 National,14U,,/lcybl/teams/14u-section-2-st-leo-crusaders.png,11,5,0
14u-section-2-pv-braves,PV Braves,,14u Section 2 National,14U,,/lcybl/teams/14u-section-2-pv-braves.png,9,6,1
14u-section-2-pm-blue,PM Blue,,14u Section 2 National,14U,,/lcybl/teams/14u-section-2-pm-blue.png,8,6,2
14u-section-2-mt-lightning,MT Lightning,,14u Section 2 National,14U,,/lcybl/teams/14u-section-2-mt-lightning.png,8,7,1
14u-section-2-pm-white,PM White,,14u Section 2 National,14U,,/lcybl/teams/14u-section-2-pm-white.png,8,8,0
14u-section-2-solanco-gold,SOLANCO Gold,,14u Section 2 National,14U,,/lcybl/teams/14u-section-2-solanco-gold.png,7,8,2
14u-section-2-solanco-black,SOLANCO Black,,14u Section 2 National,14U,,/lcybl/teams/14u-section-2-solanco-black.png,5,9,2
14u-section-2-mt-thunder,MT Thunder,,14u Section 2 National,14U,,/lcybl/teams/14u-section-2-mt-thunder.png,4,11,1
14u-section-2-ls-blue-blazers,LS Blue Blazers,,14u Section 2 National,14U,,/lcybl/teams/14u-section-2-ls-blue-blazers.png,4,12,0
14u-section-2-manheim-lions,Manheim Lions,,14u Section 2 National,14U,,/lcybl/teams/14u-section-2-manheim-lions.png,4,11,0
14u-section-2-mountville-red-sox,Mountville Red Sox,,14u Section 2 National,14U,,/lcybl/teams/14u-section-2-mountville-red-sox.png,0,15,1
14u-section-3-e-town-navy,E-Town Navy,,14u Section 3,14U,,/lcybl/teams/14u-section-3-e-town-navy.png,16,0,0
14u-section-3-lanc-rec-tornados,Lanc Rec Tornados,,14u Section 3,14U,,/lcybl/teams/14u-section-3-lanc-rec-tornados.png,12,3,1
14u-section-3-cv-bucks,CV Bucks,,14u Section 3,14U,,/lcybl/teams/14u-section-3-cv-bucks.png,12,4,0
14u-section-3-garden-spot,Garden Spot,,14u Section 3,14U,,/lcybl/teams/14u-section-3-garden-spot.png,11,5,0
14u-section-3-cocalico-eagles,Cocalico Eagles,,14u Section 3,14U,,/lcybl/teams/14u-section-3-cocalico-eagles.png,10,4,1
14u-section-3-pm-blue,PM Blue,,14u Section 3,14U,,/lcybl/teams/14u-section-3-pm-blue.png,9,6,0
14u-section-3-e-town-white,E-Town White,,14u Section 3,14U,,/lcybl/teams/14u-section-3-e-town-white.png,8,7,1
14u-section-3-mt-chargers,MT Chargers,,14u Section 3,14U,,/lcybl/teams/14u-section-3-mt-chargers.png,8,7,1
14u-section-3-mt-storm,MT Storm,,14u Section 3,14U,,/lcybl/teams/14u-section-3-mt-storm.png,7,8,1
14u-section-3-solanco-black,SOLANCO Black,,14u Section 3,14U,,/lcybl/teams/14u-section-3-solanco-black.png,7,9,0
14u-section-3-donegal-black,Donegal Black,,14u Section 3,14U,,/lcybl/teams/14u-section-3-donegal-black.png,5,11,0
14u-section-3-pv-braves,PV Braves,,14u Section 3,14U,,/lcybl/teams/14u-section-3-pv-braves.png,4,11,0
14u-section-3-ctyaa-moose,CTYAA Moose,,14u Section 3,14U,,/lcybl/teams/14u-section-3-ctyaa-moose.png,3,12,0
14u-section-3-cedar-crest,Cedar Crest,,14u Section 3,14U,,/lcybl/teams/14u-section-3-cedar-crest.png,2,13,1
14u-section-3-ephrata-zips,Ephrata Zips,,14u Section 3,14U,,/lcybl/teams/14u-section-3-ephrata-zips.png,1,15,0
