id,name,abbrev,division,level,color,logo_url
bd-tornados-meyers,BD Tornados - Meyers,Meyers,U14,D2,#0e3d34,/windmill/teams/bd-tornados-meyers.png
wisconsin-outlawz-damon,Wisconsin Outlawz - Damon,Damon,U8 Live,D3,#0e3d34,/windmill/teams/wisconsin-outlawz-damon.png
clyman-niemuth,Clyman - Niemuth,Niemuth,U12,D2,#0e3d34,/windmill/teams/clyman-niemuth.png
clyman-quest,Clyman - Quest,Quest,U10,D3,#0e3d34,/windmill/teams/clyman-quest.png
clyman-mcfarland,Clyman - McFarland,McFarland,U8 Live,D4,#1b7d6c,/windmill/teams/clyman-mcfarland.png
clyman-schuett,Clyman - Schuett,Schuett,U8 Mach,D3,#0e3d34,/windmill/teams/clyman-schuett.png
lakeside-dremler,Lakeside - Dremler,Dremler,U12,D3,#1b7d6c,/windmill/teams/lakeside-dremler.png
oregon-orange-madden,Oregon Orange - Madden,Madden,U12,D2,#c58a1a,/windmill/teams/oregon-orange-madden.png
watertown-thunder-blue-johnson,Watertown Thunder Blue - Johnson,Johnson,U12,D1,#14564a,/windmill/teams/watertown-thunder-blue-johnson.png
oregon-black-sweeny,Oregon Black - Sweeny,Sweeny,U10,D4,#1b7d6c,/windmill/teams/oregon-black-sweeny.png
east-madison-muir,East Madison - Muir,Muir,U12,D4,#9c6a10,/windmill/teams/east-madison-muir.png
wisconsin-outlawz-travis,Wisconsin Outlawz - Travis,Travis,U10 USA,D1,#0e3d34,/windmill/teams/wisconsin-outlawz-travis.png
jc-yellow-jackets-tonies,JC Yellow Jackets - Tonies,Tonies,U8 Live,D1,#c58a1a,/windmill/teams/jc-yellow-jackets-tonies.png
oregon-orange-hegg,Oregon Orange - Hegg,Hegg,U10,D3,#c58a1a,/windmill/teams/oregon-orange-hegg.png
bd-tornados-gold-schaalma,BD Tornados Gold - Schaalma,Schaalma,U10,D3,#14564a,/windmill/teams/bd-tornados-gold-schaalma.png
east-madison-mueller,East Madison - Mueller,Mueller,U14,D4,#1b7d6c,/windmill/teams/east-madison-mueller.png
east-madison-kratz,East Madison - Kratz,Kratz,U10,D4,#9c6a10,/windmill/teams/east-madison-kratz.png
jefferson-lipshetz,Jefferson - Lipshetz,Lipshetz,U14,D3,#c58a1a,/windmill/teams/jefferson-lipshetz.png
rock-river-stix-pryne,Rock River Stix - Pryne,Pryne,U10 USA,D1,#1b7d6c,/windmill/teams/rock-river-stix-pryne.png
oregon-black-hubert,Oregon Black - Hubert,Hubert,U14,D3,#14564a,/windmill/teams/oregon-black-hubert.png
lake-country-thunder-white-merritt,Lake Country Thunder White - Merritt,Merritt,uHigh,D3,#0e3d34,/windmill/teams/lake-country-thunder-white-merritt.png
bd-tornados-panetti,BD Tornados - Panetti,Panetti,U8 Live,D2,#14564a,/windmill/teams/bd-tornados-panetti.png
waunakee-purple-endres,Waunakee Purple - Endres,Endres,U12,D2,#e8a33d,/windmill/teams/waunakee-purple-endres.png
milton-wildcats-popp,Milton Wildcats - Popp,Popp,U12,D3,#1f9d57,/windmill/teams/milton-wildcats-popp.png
marshall-fisher,Marshall - Fisher,Fisher,U14,D3,#9c6a10,/windmill/teams/marshall-fisher.png
marshall-peterson,Marshall - Peterson,Peterson,U12,D3,#2b6f61,/windmill/teams/marshall-peterson.png
marshall-altenberger,Marshall - Altenberger,Altenberger,U10,D3,#e8a33d,/windmill/teams/marshall-altenberger.png
marshall-sellnow-nate-kleinschmidt,Marshall - Sellnow; Nate Kleinschmidt,SellnowNateK,U10,D3,#1f9d57,/windmill/teams/marshall-sellnow-nate-kleinschmidt.png
marshall-lannoy,Marshall - Lannoy,Lannoy,U8 Live,D4,#9c6a10,/windmill/teams/marshall-lannoy.png
marshall-munson,Marshall - Munson,Munson,U8 Mach,D4,#1b7d6c,/windmill/teams/marshall-munson.png
windsor-heat-ignite-grundahl,Windsor Heat Ignite - Grundahl,Grundahl,U10,D3,#2b6f61,/windmill/teams/windsor-heat-ignite-grundahl.png
windsor-heat-inferno-prusakiewicz,Windsor Heat Inferno - Prusakiewicz,Prusakiewicz,U14,D2,#e8a33d,/windmill/teams/windsor-heat-inferno-prusakiewicz.png
jefferson-smith,Jefferson - Smith,Smith,uHigh,D1,#1b7d6c,/windmill/teams/jefferson-smith.png
hartford-velocity-lecher,Hartford Velocity - Lecher,Lecher,uHigh,D1,#c58a1a,/windmill/teams/hartford-velocity-lecher.png
janesville-cyclones-klemencic,Janesville Cyclones - Klemencic,Klemencic,U12,D1,#b5791a,/windmill/teams/janesville-cyclones-klemencic.png
janesville-cougars-forrest,Janesville Cougars - Forrest,Forrest,U14,D2,#1f9d57,/windmill/teams/janesville-cougars-forrest.png
edgerton-ducher,Edgerton - Ducher,Ducher,U14,D2,#2b6f61,/windmill/teams/edgerton-ducher.png
edgerton-black-ames,Edgerton Black - Ames,Ames,U12,D2,#0f5a4d,/windmill/teams/edgerton-black-ames.png
edgerton-red-knoeck,Edgerton Red - Knoeck,Knoeck,U12,D2,#0e3d34,/windmill/teams/edgerton-red-knoeck.png
edgerton-bilhorn,Edgerton - Bilhorn,Bilhorn,U10 USA,D2,#c58a1a,/windmill/teams/edgerton-bilhorn.png
verona-wildcats-borelli,Verona Wildcats - Borelli,Borelli,U12,D1,#1b7d6c,/windmill/teams/verona-wildcats-borelli.png
verona-wildcats-beringer,Verona Wildcats - Beringer,Beringer,U12,D1,#c58a1a,/windmill/teams/verona-wildcats-beringer.png
verona-wildcats-graber,Verona Wildcats - Graber,Graber,uHigh,D1,#14564a,/windmill/teams/verona-wildcats-graber.png
verona-wildcats-brooks,Verona Wildcats - Brooks,Brooks,U14,D2,#b5791a,/windmill/teams/verona-wildcats-brooks.png
siren-softball-ashwill,Siren Softball - Ashwill,Ashwill,U12,D2,#14564a,/windmill/teams/siren-softball-ashwill.png
siren-softball-roe,Siren Softball - Roe,Roe,U14,D3,#0f5a4d,/windmill/teams/siren-softball-roe.png
lake-mills-rec-hoffman-colvin-johnson,Lake Mills Rec - Hoffman/Colvin - Johnson,Johnson,U8 Mach,D4,#c58a1a,/windmill/teams/lake-mills-rec-hoffman-colvin-johnson.png
lm-rec-blm-schultz,LM Rec BLM - Schultz,Schultz,U8 Live,D3,#e8a33d,/windmill/teams/lm-rec-blm-schultz.png
lm-rec-blm-zimmermann,LM Rec BLM - Zimmermann,Zimmermann,U8 Live,D3,#1f9d57,/windmill/teams/lm-rec-blm-zimmermann.png
lm-rec-blm-boettcher,LM Rec BLM - Boettcher,Boettcher,U10,D4,#b5791a,/windmill/teams/lm-rec-blm-boettcher.png
lm-rec-blm-white,LM Rec BLM - White,White,U10,D3,#0f5a4d,/windmill/teams/lm-rec-blm-white.png
lm-rec-blm-boettcher-2,LM Rec BLM - Boettcher,Boettcher,U12,D2,#9c6a10,/windmill/teams/lm-rec-blm-boettcher-2.png
lm-rec-blm-tellefson,LM Rec BLM - Tellefson,Tellefson,U12,D3,#e8a33d,/windmill/teams/lm-rec-blm-tellefson.png
jefferson-pratt,Jefferson - Pratt,Pratt,U10,D2,#0e3d34,/windmill/teams/jefferson-pratt.png
columbus-firebirds-volesky,Columbus Firebirds - Volesky,Volesky,U8 Live,D3,#2b6f61,/windmill/teams/columbus-firebirds-volesky.png
columbus-red-farrington,Columbus Red - Farrington,Farrington,U8 Live,D4,#b5791a,/windmill/teams/columbus-red-farrington.png
columbus-white-breitsprecker,Columbus White - Breitsprecker,Breitsprecke,U8 Live,D4,#0f5a4d,/windmill/teams/columbus-white-breitsprecker.png
jefferson-gold-smith,Jefferson Gold - Smith,Smith,U12,D2,#1f9d57,/windmill/teams/jefferson-gold-smith.png
fort-jbs-scuglik,Fort JBS - Scuglik,Scuglik,U8 Mach,D2,#14564a,/windmill/teams/fort-jbs-scuglik.png
fort-jbs-starks,Fort JBS - Starks,Starks,U10,D4,#1b7d6c,/windmill/teams/fort-jbs-starks.png
fort-jbs-telfer,Fort JBS - Telfer,Telfer,U12,D3,#2b6f61,/windmill/teams/fort-jbs-telfer.png
fort-jbs-grady,Fort JBS - Grady,Grady,U12,D2,#b5791a,/windmill/teams/fort-jbs-grady.png
fort-jbs-unate,Fort JBS - Unate,Unate,U14,D2,#0e3d34,/windmill/teams/fort-jbs-unate.png
fort-jbs-fehrman,Fort JBS - Fehrman,Fehrman,uHigh,D2,#9c6a10,/windmill/teams/fort-jbs-fehrman.png
columbus-firebirds-11u-wiemer,Columbus Firebirds 11U - Wiemer,Wiemer,U12,D3,#0f5a4d,/windmill/teams/columbus-firebirds-11u-wiemer.png
columbus-firebirds-rentmeester,Columbus Firebirds - Rentmeester,Rentmeester,U12,D3,#0e3d34,/windmill/teams/columbus-firebirds-rentmeester.png
waunakee-riek,Waunakee - Riek,Riek,U10 USA,D2,#14564a,/windmill/teams/waunakee-riek.png
waunakee-purple-hoffman,Waunakee Purple - Hoffman,Hoffman,U10,D3,#c58a1a,/windmill/teams/waunakee-purple-hoffman.png
waunakee-white-schneider,Waunakee White - Schneider,Schneider,U10,D3,#14564a,/windmill/teams/waunakee-white-schneider.png
stoughton-schroerluke,Stoughton – Schroerluke,Stoughton,U8 Live,D4,#0e3d34,/windmill/teams/stoughton-schroerluke.png
jefferson-maroon-havill,Jefferson Maroon - Havill,Havill,U12,D3,#1b7d6c,/windmill/teams/jefferson-maroon-havill.png
jefferson-messman,Jefferson - Messman,Messman,U10,D3,#9c6a10,/windmill/teams/jefferson-messman.png
sp-savage-hansbro,SP Savage - Hansbro,Hansbro,U12,D3,#c58a1a,/windmill/teams/sp-savage-hansbro.png
bd-tornados-panetti-2,BD Tornados - Panetti,Panetti,U10 USA,D1,#9c6a10,/windmill/teams/bd-tornados-panetti-2.png
deerfield-schroedl,Deerfield - Schroedl,Schroedl,U8 Mach,D3,#9c6a10,/windmill/teams/deerfield-schroedl.png
deerfield-judkins,Deerfield - Judkins,Judkins,U10,D3,#e8a33d,/windmill/teams/deerfield-judkins.png
deerfield-brobston,Deerfield - Brobston,Brobston,U12,D3,#14564a,/windmill/teams/deerfield-brobston.png
deerfield-fankhauser,Deerfield - Fankhauser,Fankhauser,U14,D3,#1b7d6c,/windmill/teams/deerfield-fankhauser.png
waunakee-1-sheahan,Waunakee 1 - Sheahan,Sheahan,U10,D3,#1f9d57,/windmill/teams/waunakee-1-sheahan.png
waunakee-2-hoffmann,Waunakee 2 - Hoffmann,Hoffmann,U10,D3,#2b6f61,/windmill/teams/waunakee-2-hoffmann.png
waunakee-3-o-connell,Waunakee 3 - O'Connell,OConnell,U10,D3,#b5791a,/windmill/teams/waunakee-3-o-connell.png
wauankee-4-koga,Wauankee 4 - Koga,Koga,U10,D3,#0f5a4d,/windmill/teams/wauankee-4-koga.png
cottage-grove-ress,Cottage Grove - Ress,Ress,U8 Mach,D4,#e8a33d,/windmill/teams/cottage-grove-ress.png
cg-navy-waltz,CG Navy - Waltz,Waltz,U10,D4,#0e3d34,/windmill/teams/cg-navy-waltz.png
cg-white-nelson,CG White - Nelson,Nelson,U10,D4,#1b7d6c,/windmill/teams/cg-white-nelson.png
cottage-grove-mordini,Cottage Grove - Mordini,Mordini,U12,D4,#9c6a10,/windmill/teams/cottage-grove-mordini.png
columbus-rake,Columbus - Rake,Rake,uHigh,D2,#e8a33d,/windmill/teams/columbus-rake.png
jefferson-bente,Jefferson - Bente,Bente,U8 Mach,D4,#1f9d57,/windmill/teams/jefferson-bente.png
johnson-creek-bluejays-toebe,Johnson Creek Bluejays - Toebe,Toebe,U12,D3,#e8a33d,/windmill/teams/johnson-creek-bluejays-toebe.png
mcfarland-spartans-white-schuchardt,McFarland Spartans White - Schuchardt,Schuchardt,U8 Live,D4,#1b7d6c,/windmill/teams/mcfarland-spartans-white-schuchardt.png
mcfarland-spartans-blue-mccullick,McFarland Spartans Blue - McCullick,McCullick,U8 Live,D4,#c58a1a,/windmill/teams/mcfarland-spartans-blue-mccullick.png
columbus-red-simerson,Columbus Red - Simerson,Simerson,U10,D4,#c58a1a,/windmill/teams/columbus-red-simerson.png
johnson-creek-yellow-jackets-fredrick,Johnson Creek Yellow Jackets - Fredrick,Fredrick,U8 Live,D2,#14564a,/windmill/teams/johnson-creek-yellow-jackets-fredrick.png
columbus-firebirds-guerrero,Columbus Firebirds - Guerrero,Guerrero,U10,D3,#14564a,/windmill/teams/columbus-firebirds-guerrero.png
columbus-firebirds-berget,Columbus Firebirds - Berget,Berget,U14,D3,#c58a1a,/windmill/teams/columbus-firebirds-berget.png
verona-hand,Verona - Hand,Hand,U12,D2,#1f9d57,/windmill/teams/verona-hand.png
johnson-creek-bluejays-goulet,Johnson Creek Bluejays - Goulet,Goulet,U10,D3,#9c6a10,/windmill/teams/johnson-creek-bluejays-goulet.png
johnson-creek-bluejays-tbd,Johnson Creek Bluejays - TBD,TBD,U8 Mach,D3,#2b6f61,/windmill/teams/johnson-creek-bluejays-tbd.png
watertown-thunder-kleine,Watertown Thunder - Kleine,Kleine,U10,D3,#e8a33d,/windmill/teams/watertown-thunder-kleine.png
watertown-thunder-hisel,Watertown Thunder - Hisel,Hisel,U14,D1,#14564a,/windmill/teams/watertown-thunder-hisel.png
watertown-thunder-hisel-2,Watertown Thunder - Hisel,Hisel,uHigh,D1,#1f9d57,/windmill/teams/watertown-thunder-hisel-2.png
janesville-cyclones-forest,Janesville Cyclones - Forest,Forest,U14,D1,#9c6a10,/windmill/teams/janesville-cyclones-forest.png
waterloo-hennessy,Waterloo - Hennessy,Hennessy,U8 Live,D4,#9c6a10,/windmill/teams/waterloo-hennessy.png
waterloo-zimmermann,Waterloo - Zimmermann,Zimmermann,U10,D4,#1f9d57,/windmill/teams/waterloo-zimmermann.png
waterloo-skalitzky,Waterloo - Skalitzky,Skalitzky,U12,D3,#2b6f61,/windmill/teams/waterloo-skalitzky.png
waterloo-schaumann,Waterloo - Schaumann,Schaumann,uHigh,D2,#2b6f61,/windmill/teams/waterloo-schaumann.png
waterloo-tbd,Waterloo - TBD,TBD,U8 Mach,D4,#b5791a,/windmill/teams/waterloo-tbd.png
milton-wildcats-palan,Milton Wildcats - Palan,Palan,U12,D3,#b5791a,/windmill/teams/milton-wildcats-palan.png
milton-wildcats-lanser,Milton Wildcats - Lanser,Lanser,U10,D3,#2b6f61,/windmill/teams/milton-wildcats-lanser.png
bdybs-green-kahler,BDYBS Green - Kahler,Kahler,U8 Mach,D4,#0f5a4d,/windmill/teams/bdybs-green-kahler.png
bdybs-gold-monheim,BDYBS Gold - Monheim,Monheim,U8 Mach,D4,#0e3d34,/windmill/teams/bdybs-gold-monheim.png
bdybs-rookies-gold-caves,BDYBS Rookies Gold - Caves,Caves,U8 Live,D4,#e8a33d,/windmill/teams/bdybs-rookies-gold-caves.png
bdybs-gold-cederna,BDYBS Gold - Cederna,Cederna,U10,D3,#b5791a,/windmill/teams/bdybs-gold-cederna.png
bdybs-gold-devitt,BDYBS Gold - Devitt,Devitt,U12,D3,#0f5a4d,/windmill/teams/bdybs-gold-devitt.png
bdybs-juniors-gold-pogorelec,BDYBS Juniors Gold - Pogorelec,Pogorelec,U14,D3,#e8a33d,/windmill/teams/bdybs-juniors-gold-pogorelec.png
farmington-flames-gates,Farmington Flames - Gates,Gates,U14,D4,#1f9d57,/windmill/teams/farmington-flames-gates.png
cambridge-klemp,Cambridge - Klemp,Klemp,U8 Mach,D4,#1b7d6c,/windmill/teams/cambridge-klemp.png
cambridge-becker,Cambridge - Becker,Becker,U8 Live,D3,#1f9d57,/windmill/teams/cambridge-becker.png
cambridge-blue-becker,Cambridge Blue - Becker,Becker,U10,D3,#0f5a4d,/windmill/teams/cambridge-blue-becker.png
cambridge-rehr,Cambridge - Rehr,Rehr,U12,D3,#0e3d34,/windmill/teams/cambridge-rehr.png
stoughton-thompson,Stoughton - Thompson,Thompson,U8 Mach,D4,#c58a1a,/windmill/teams/stoughton-thompson.png
farmington-flames,Farmington Flames,Farmington,U12,D4,#1b7d6c,/windmill/teams/farmington-flames.png
deerfield-halverson,Deerfield - Halverson,Halverson,U14,D3,#2b6f61,/windmill/teams/deerfield-halverson.png
cambridge-white-johnson,Cambridge White - Johnson,Johnson,U10,D3,#0e3d34,/windmill/teams/cambridge-white-johnson.png
